{"cameraMode":{"drawMode":0,"name":"Shaded","section":"Shading Mode"},"sceneLighting":true,"audioPlay":false,"sceneViewState":{"showFog":true,"showMaterialUpdate":true,"showSkybox":true,"showFlares":true,"showImageEffects":false,"showParticleSystems":true},"in2DMode":false,"pivot":{"x":235.14093017578126,"y":124.5658187866211,"z":130.14625549316407},"rotation":{"x":0.03164321184158325,"y":-0.8479011058807373,"z":0.05093539506196976,"w":0.5267587900161743},"size":31.48311996459961,"orthographic":false}